run_id,timestamp,status,objective_value,model_file_path,model_data_path,parameters,constraints,variables,pulp_model_execution_time,scenario_text,code_modification,planner_model,planner_temperature,coder_model,coder_temperature,agent_execution_time,delta_obj,token_usage
run_id_20250603_010136_it_0,2025-06-03T01:01:38.650233,Optimal,223.0,models/CFLP/capfacloc_model.py,models/CFLP/data/capfacloc_data_5cust_5fac.json,"{'demands': [27, 19, 24, 14, 6], 'capacities': [110, 81, 101, 50, 112], 'fixed_costs': [189, 193, 152, 186, 164], 'transportation_costs': [[19, 14, 11, 11, 11], [12, 17, 13, 13, 10], [13, 15, 15, 15, 14], [13, 19, 16, 15, 18], [12, 19, 16, 13, 16]], 'n_customers': 5, 'n_facilities': 5}","{'Demand_0': 'Serve_0_0 + Serve_0_1 + Serve_0_2 + Serve_0_3 + Serve_0_4 >= 1', 'Demand_1': 'Serve_1_0 + Serve_1_1 + Serve_1_2 + Serve_1_3 + Serve_1_4 >= 1', 'Demand_2': 'Serve_2_0 + Serve_2_1 + Serve_2_2 + Serve_2_3 + Serve_2_4 >= 1', 'Demand_3': 'Serve_3_0 + Serve_3_1 + Serve_3_2 + Serve_3_3 + Serve_3_4 >= 1', 'Demand_4': 'Serve_4_0 + Serve_4_1 + Serve_4_2 + Serve_4_3 + Serve_4_4 >= 1', 'Capacity_0': '-110*Open_0 + 27*Serve_0_0 + 19*Serve_1_0 + 24*Serve_2_0 + 14*Serve_3_0 + 6*Serve_4_0 <= 0', 'Capacity_1': '-81*Open_1 + 27*Serve_0_1 + 19*Serve_1_1 + 24*Serve_2_1 + 14*Serve_3_1 + 6*Serve_4_1 <= 0', 'Capacity_2': '-101*Open_2 + 27*Serve_0_2 + 19*Serve_1_2 + 24*Serve_2_2 + 14*Serve_3_2 + 6*Serve_4_2 <= 0', 'Capacity_3': '-50*Open_3 + 27*Serve_0_3 + 19*Serve_1_3 + 24*Serve_2_3 + 14*Serve_3_3 + 6*Serve_4_3 <= 0', 'Capacity_4': '-112*Open_4 + 27*Serve_0_4 + 19*Serve_1_4 + 24*Serve_2_4 + 14*Serve_3_4 + 6*Serve_4_4 <= 0', 'TotalDemand': '110*Open_0 + 81*Open_1 + 101*Open_2 + 50*Open_3 + 112*Open_4 >= 90', 'Link_0_0': '-Open_0 + Serve_0_0 <= 0', 'Link_0_1': '-Open_1 + Serve_0_1 <= 0', 'Link_0_2': '-Open_2 + Serve_0_2 <= 0', 'Link_0_3': '-Open_3 + Serve_0_3 <= 0', 'Link_0_4': '-Open_4 + Serve_0_4 <= 0', 'Link_1_0': '-Open_0 + Serve_1_0 <= 0', 'Link_1_1': '-Open_1 + Serve_1_1 <= 0', 'Link_1_2': '-Open_2 + Serve_1_2 <= 0', 'Link_1_3': '-Open_3 + Serve_1_3 <= 0', 'Link_1_4': '-Open_4 + Serve_1_4 <= 0', 'Link_2_0': '-Open_0 + Serve_2_0 <= 0', 'Link_2_1': '-Open_1 + Serve_2_1 <= 0', 'Link_2_2': '-Open_2 + Serve_2_2 <= 0', 'Link_2_3': '-Open_3 + Serve_2_3 <= 0', 'Link_2_4': '-Open_4 + Serve_2_4 <= 0', 'Link_3_0': '-Open_0 + Serve_3_0 <= 0', 'Link_3_1': '-Open_1 + Serve_3_1 <= 0', 'Link_3_2': '-Open_2 + Serve_3_2 <= 0', 'Link_3_3': '-Open_3 + Serve_3_3 <= 0', 'Link_3_4': '-Open_4 + Serve_3_4 <= 0', 'Link_4_0': '-Open_0 + Serve_4_0 <= 0', 'Link_4_1': '-Open_1 + Serve_4_1 <= 0', 'Link_4_2': '-Open_2 + Serve_4_2 <= 0', 'Link_4_3': '-Open_3 + Serve_4_3 <= 0', 'Link_4_4': '-Open_4 + Serve_4_4 <= 0'}","{'Open_0': 0.0, 'Open_1': 0.0, 'Open_2': 1.0, 'Open_3': 0.0, 'Open_4': 0.0, 'Serve_0_0': 0.0, 'Serve_0_1': 0.0, 'Serve_0_2': 1.0, 'Serve_0_3': 0.0, 'Serve_0_4': 0.0, 'Serve_1_0': 0.0, 'Serve_1_1': 0.0, 'Serve_1_2': 1.0, 'Serve_1_3': 0.0, 'Serve_1_4': 0.0, 'Serve_2_0': 0.0, 'Serve_2_1': 0.0, 'Serve_2_2': 1.0, 'Serve_2_3': 0.0, 'Serve_2_4': 0.0, 'Serve_3_0': 0.0, 'Serve_3_1': 0.0, 'Serve_3_2': 1.0, 'Serve_3_3': 0.0, 'Serve_3_4': 0.0, 'Serve_4_0': 0.0, 'Serve_4_1': 0.0, 'Serve_4_2': 1.0, 'Serve_4_3': 0.0, 'Serve_4_4': 0.0}",0.0009243488311767,Limit the capacity of facility 4 (index 3) to 50.,"{""ADD DATA"": ""capacities[3] = 50""}",gpt-4o-mini,0.5,gpt-4o,0.0,2.008,0.0,"{""planner"": {""total"": 1097, ""prompt"": 1081, ""completion"": 16, ""total_cost"": 0.00017174999999999997}, ""coder"": {""total"": 1375, ""prompt"": 1359, ""completion"": 16, ""total_cost"": 0.0035575}}"
run_id_20250603_010136_it_1,2025-06-03T01:01:40.032043,Optimal,223.0,models/CFLP/capfacloc_model.py,models/CFLP/data/capfacloc_data_5cust_5fac.json,"{'demands': [27, 19, 24, 14, 6], 'capacities': [110, 30, 101, 80, 112], 'fixed_costs': [189, 193, 152, 186, 164], 'transportation_costs': [[19, 14, 11, 11, 11], [12, 17, 13, 13, 10], [13, 15, 15, 15, 14], [13, 19, 16, 15, 18], [12, 19, 16, 13, 16]], 'n_customers': 5, 'n_facilities': 5}","{'Demand_0': 'Serve_0_0 + Serve_0_1 + Serve_0_2 + Serve_0_3 + Serve_0_4 >= 1', 'Demand_1': 'Serve_1_0 + Serve_1_1 + Serve_1_2 + Serve_1_3 + Serve_1_4 >= 1', 'Demand_2': 'Serve_2_0 + Serve_2_1 + Serve_2_2 + Serve_2_3 + Serve_2_4 >= 1', 'Demand_3': 'Serve_3_0 + Serve_3_1 + Serve_3_2 + Serve_3_3 + Serve_3_4 >= 1', 'Demand_4': 'Serve_4_0 + Serve_4_1 + Serve_4_2 + Serve_4_3 + Serve_4_4 >= 1', 'Capacity_0': '-110*Open_0 + 27*Serve_0_0 + 19*Serve_1_0 + 24*Serve_2_0 + 14*Serve_3_0 + 6*Serve_4_0 <= 0', 'Capacity_1': '-30*Open_1 + 27*Serve_0_1 + 19*Serve_1_1 + 24*Serve_2_1 + 14*Serve_3_1 + 6*Serve_4_1 <= 0', 'Capacity_2': '-101*Open_2 + 27*Serve_0_2 + 19*Serve_1_2 + 24*Serve_2_2 + 14*Serve_3_2 + 6*Serve_4_2 <= 0', 'Capacity_3': '-80*Open_3 + 27*Serve_0_3 + 19*Serve_1_3 + 24*Serve_2_3 + 14*Serve_3_3 + 6*Serve_4_3 <= 0', 'Capacity_4': '-112*Open_4 + 27*Serve_0_4 + 19*Serve_1_4 + 24*Serve_2_4 + 14*Serve_3_4 + 6*Serve_4_4 <= 0', 'TotalDemand': '110*Open_0 + 30*Open_1 + 101*Open_2 + 80*Open_3 + 112*Open_4 >= 90', 'Link_0_0': '-Open_0 + Serve_0_0 <= 0', 'Link_0_1': '-Open_1 + Serve_0_1 <= 0', 'Link_0_2': '-Open_2 + Serve_0_2 <= 0', 'Link_0_3': '-Open_3 + Serve_0_3 <= 0', 'Link_0_4': '-Open_4 + Serve_0_4 <= 0', 'Link_1_0': '-Open_0 + Serve_1_0 <= 0', 'Link_1_1': '-Open_1 + Serve_1_1 <= 0', 'Link_1_2': '-Open_2 + Serve_1_2 <= 0', 'Link_1_3': '-Open_3 + Serve_1_3 <= 0', 'Link_1_4': '-Open_4 + Serve_1_4 <= 0', 'Link_2_0': '-Open_0 + Serve_2_0 <= 0', 'Link_2_1': '-Open_1 + Serve_2_1 <= 0', 'Link_2_2': '-Open_2 + Serve_2_2 <= 0', 'Link_2_3': '-Open_3 + Serve_2_3 <= 0', 'Link_2_4': '-Open_4 + Serve_2_4 <= 0', 'Link_3_0': '-Open_0 + Serve_3_0 <= 0', 'Link_3_1': '-Open_1 + Serve_3_1 <= 0', 'Link_3_2': '-Open_2 + Serve_3_2 <= 0', 'Link_3_3': '-Open_3 + Serve_3_3 <= 0', 'Link_3_4': '-Open_4 + Serve_3_4 <= 0', 'Link_4_0': '-Open_0 + Serve_4_0 <= 0', 'Link_4_1': '-Open_1 + Serve_4_1 <= 0', 'Link_4_2': '-Open_2 + Serve_4_2 <= 0', 'Link_4_3': '-Open_3 + Serve_4_3 <= 0', 'Link_4_4': '-Open_4 + Serve_4_4 <= 0'}","{'Open_0': 0.0, 'Open_1': 0.0, 'Open_2': 1.0, 'Open_3': 0.0, 'Open_4': 0.0, 'Serve_0_0': 0.0, 'Serve_0_1': 0.0, 'Serve_0_2': 1.0, 'Serve_0_3': 0.0, 'Serve_0_4': 0.0, 'Serve_1_0': 0.0, 'Serve_1_1': 0.0, 'Serve_1_2': 1.0, 'Serve_1_3': 0.0, 'Serve_1_4': 0.0, 'Serve_2_0': 0.0, 'Serve_2_1': 0.0, 'Serve_2_2': 1.0, 'Serve_2_3': 0.0, 'Serve_2_4': 0.0, 'Serve_3_0': 0.0, 'Serve_3_1': 0.0, 'Serve_3_2': 1.0, 'Serve_3_3': 0.0, 'Serve_3_4': 0.0, 'Serve_4_0': 0.0, 'Serve_4_1': 0.0, 'Serve_4_2': 1.0, 'Serve_4_3': 0.0, 'Serve_4_4': 0.0}",0.0015816688537597,Limit the capacity of facility 2 (index 1) to 30.,"{""ADD DATA"": ""capacities[1] = 30""}",gpt-4o-mini,0.5,gpt-4o,0.0,1.3782,0.0,"{""planner"": {""total"": 1141, ""prompt"": 1125, ""completion"": 16, ""total_cost"": 0.00017834999999999997}, ""coder"": {""total"": 1375, ""prompt"": 1359, ""completion"": 16, ""total_cost"": 0.0019575}}"
run_id_20250603_010136_it_2,2025-06-03T01:01:41.389909,Optimal,223.0,models/CFLP/capfacloc_model.py,models/CFLP/data/capfacloc_data_5cust_5fac.json,"{'demands': [27, 19, 24, 14, 6], 'capacities': [40, 81, 101, 80, 112], 'fixed_costs': [189, 193, 152, 186, 164], 'transportation_costs': [[19, 14, 11, 11, 11], [12, 17, 13, 13, 10], [13, 15, 15, 15, 14], [13, 19, 16, 15, 18], [12, 19, 16, 13, 16]], 'n_customers': 5, 'n_facilities': 5}","{'Demand_0': 'Serve_0_0 + Serve_0_1 + Serve_0_2 + Serve_0_3 + Serve_0_4 >= 1', 'Demand_1': 'Serve_1_0 + Serve_1_1 + Serve_1_2 + Serve_1_3 + Serve_1_4 >= 1', 'Demand_2': 'Serve_2_0 + Serve_2_1 + Serve_2_2 + Serve_2_3 + Serve_2_4 >= 1', 'Demand_3': 'Serve_3_0 + Serve_3_1 + Serve_3_2 + Serve_3_3 + Serve_3_4 >= 1', 'Demand_4': 'Serve_4_0 + Serve_4_1 + Serve_4_2 + Serve_4_3 + Serve_4_4 >= 1', 'Capacity_0': '-40*Open_0 + 27*Serve_0_0 + 19*Serve_1_0 + 24*Serve_2_0 + 14*Serve_3_0 + 6*Serve_4_0 <= 0', 'Capacity_1': '-81*Open_1 + 27*Serve_0_1 + 19*Serve_1_1 + 24*Serve_2_1 + 14*Serve_3_1 + 6*Serve_4_1 <= 0', 'Capacity_2': '-101*Open_2 + 27*Serve_0_2 + 19*Serve_1_2 + 24*Serve_2_2 + 14*Serve_3_2 + 6*Serve_4_2 <= 0', 'Capacity_3': '-80*Open_3 + 27*Serve_0_3 + 19*Serve_1_3 + 24*Serve_2_3 + 14*Serve_3_3 + 6*Serve_4_3 <= 0', 'Capacity_4': '-112*Open_4 + 27*Serve_0_4 + 19*Serve_1_4 + 24*Serve_2_4 + 14*Serve_3_4 + 6*Serve_4_4 <= 0', 'TotalDemand': '40*Open_0 + 81*Open_1 + 101*Open_2 + 80*Open_3 + 112*Open_4 >= 90', 'Link_0_0': '-Open_0 + Serve_0_0 <= 0', 'Link_0_1': '-Open_1 + Serve_0_1 <= 0', 'Link_0_2': '-Open_2 + Serve_0_2 <= 0', 'Link_0_3': '-Open_3 + Serve_0_3 <= 0', 'Link_0_4': '-Open_4 + Serve_0_4 <= 0', 'Link_1_0': '-Open_0 + Serve_1_0 <= 0', 'Link_1_1': '-Open_1 + Serve_1_1 <= 0', 'Link_1_2': '-Open_2 + Serve_1_2 <= 0', 'Link_1_3': '-Open_3 + Serve_1_3 <= 0', 'Link_1_4': '-Open_4 + Serve_1_4 <= 0', 'Link_2_0': '-Open_0 + Serve_2_0 <= 0', 'Link_2_1': '-Open_1 + Serve_2_1 <= 0', 'Link_2_2': '-Open_2 + Serve_2_2 <= 0', 'Link_2_3': '-Open_3 + Serve_2_3 <= 0', 'Link_2_4': '-Open_4 + Serve_2_4 <= 0', 'Link_3_0': '-Open_0 + Serve_3_0 <= 0', 'Link_3_1': '-Open_1 + Serve_3_1 <= 0', 'Link_3_2': '-Open_2 + Serve_3_2 <= 0', 'Link_3_3': '-Open_3 + Serve_3_3 <= 0', 'Link_3_4': '-Open_4 + Serve_3_4 <= 0', 'Link_4_0': '-Open_0 + Serve_4_0 <= 0', 'Link_4_1': '-Open_1 + Serve_4_1 <= 0', 'Link_4_2': '-Open_2 + Serve_4_2 <= 0', 'Link_4_3': '-Open_3 + Serve_4_3 <= 0', 'Link_4_4': '-Open_4 + Serve_4_4 <= 0'}","{'Open_0': 0.0, 'Open_1': 0.0, 'Open_2': 1.0, 'Open_3': 0.0, 'Open_4': 0.0, 'Serve_0_0': 0.0, 'Serve_0_1': 0.0, 'Serve_0_2': 1.0, 'Serve_0_3': 0.0, 'Serve_0_4': 0.0, 'Serve_1_0': 0.0, 'Serve_1_1': 0.0, 'Serve_1_2': 1.0, 'Serve_1_3': 0.0, 'Serve_1_4': 0.0, 'Serve_2_0': 0.0, 'Serve_2_1': 0.0, 'Serve_2_2': 1.0, 'Serve_2_3': 0.0, 'Serve_2_4': 0.0, 'Serve_3_0': 0.0, 'Serve_3_1': 0.0, 'Serve_3_2': 1.0, 'Serve_3_3': 0.0, 'Serve_3_4': 0.0, 'Serve_4_0': 0.0, 'Serve_4_1': 0.0, 'Serve_4_2': 1.0, 'Serve_4_3': 0.0, 'Serve_4_4': 0.0}",0.001072883605957,Limit the capacity of facility 1 (index 0) to 40.,"{""ADD DATA"": ""capacities[0] = 40""}",gpt-4o-mini,0.5,gpt-4o,0.0,1.3561,0.0,"{""planner"": {""total"": 1186, ""prompt"": 1170, ""completion"": 16, ""total_cost"": 0.00018509999999999997}, ""coder"": {""total"": 1375, ""prompt"": 1359, ""completion"": 16, ""total_cost"": 0.0019575}}"
run_id_20250603_010136_it_3,2025-06-03T01:01:42.644891,Optimal,233.0,models/CFLP/capfacloc_model.py,models/CFLP/data/capfacloc_data_5cust_5fac.json,"{'demands': [27, 19, 24, 14, 6], 'capacities': [110, 81, 50, 80, 112], 'fixed_costs': [189, 193, 152, 186, 164], 'transportation_costs': [[19, 14, 11, 11, 11], [12, 17, 13, 13, 10], [13, 15, 15, 15, 14], [13, 19, 16, 15, 18], [12, 19, 16, 13, 16]], 'n_customers': 5, 'n_facilities': 5}","{'Demand_0': 'Serve_0_0 + Serve_0_1 + Serve_0_2 + Serve_0_3 + Serve_0_4 >= 1', 'Demand_1': 'Serve_1_0 + Serve_1_1 + Serve_1_2 + Serve_1_3 + Serve_1_4 >= 1', 'Demand_2': 'Serve_2_0 + Serve_2_1 + Serve_2_2 + Serve_2_3 + Serve_2_4 >= 1', 'Demand_3': 'Serve_3_0 + Serve_3_1 + Serve_3_2 + Serve_3_3 + Serve_3_4 >= 1', 'Demand_4': 'Serve_4_0 + Serve_4_1 + Serve_4_2 + Serve_4_3 + Serve_4_4 >= 1', 'Capacity_0': '-110*Open_0 + 27*Serve_0_0 + 19*Serve_1_0 + 24*Serve_2_0 + 14*Serve_3_0 + 6*Serve_4_0 <= 0', 'Capacity_1': '-81*Open_1 + 27*Serve_0_1 + 19*Serve_1_1 + 24*Serve_2_1 + 14*Serve_3_1 + 6*Serve_4_1 <= 0', 'Capacity_2': '-50*Open_2 + 27*Serve_0_2 + 19*Serve_1_2 + 24*Serve_2_2 + 14*Serve_3_2 + 6*Serve_4_2 <= 0', 'Capacity_3': '-80*Open_3 + 27*Serve_0_3 + 19*Serve_1_3 + 24*Serve_2_3 + 14*Serve_3_3 + 6*Serve_4_3 <= 0', 'Capacity_4': '-112*Open_4 + 27*Serve_0_4 + 19*Serve_1_4 + 24*Serve_2_4 + 14*Serve_3_4 + 6*Serve_4_4 <= 0', 'TotalDemand': '110*Open_0 + 81*Open_1 + 50*Open_2 + 80*Open_3 + 112*Open_4 >= 90', 'Link_0_0': '-Open_0 + Serve_0_0 <= 0', 'Link_0_1': '-Open_1 + Serve_0_1 <= 0', 'Link_0_2': '-Open_2 + Serve_0_2 <= 0', 'Link_0_3': '-Open_3 + Serve_0_3 <= 0', 'Link_0_4': '-Open_4 + Serve_0_4 <= 0', 'Link_1_0': '-Open_0 + Serve_1_0 <= 0', 'Link_1_1': '-Open_1 + Serve_1_1 <= 0', 'Link_1_2': '-Open_2 + Serve_1_2 <= 0', 'Link_1_3': '-Open_3 + Serve_1_3 <= 0', 'Link_1_4': '-Open_4 + Serve_1_4 <= 0', 'Link_2_0': '-Open_0 + Serve_2_0 <= 0', 'Link_2_1': '-Open_1 + Serve_2_1 <= 0', 'Link_2_2': '-Open_2 + Serve_2_2 <= 0', 'Link_2_3': '-Open_3 + Serve_2_3 <= 0', 'Link_2_4': '-Open_4 + Serve_2_4 <= 0', 'Link_3_0': '-Open_0 + Serve_3_0 <= 0', 'Link_3_1': '-Open_1 + Serve_3_1 <= 0', 'Link_3_2': '-Open_2 + Serve_3_2 <= 0', 'Link_3_3': '-Open_3 + Serve_3_3 <= 0', 'Link_3_4': '-Open_4 + Serve_3_4 <= 0', 'Link_4_0': '-Open_0 + Serve_4_0 <= 0', 'Link_4_1': '-Open_1 + Serve_4_1 <= 0', 'Link_4_2': '-Open_2 + Serve_4_2 <= 0', 'Link_4_3': '-Open_3 + Serve_4_3 <= 0', 'Link_4_4': '-Open_4 + Serve_4_4 <= 0'}","{'Open_0': 0.0, 'Open_1': 0.0, 'Open_2': 0.0, 'Open_3': 0.0, 'Open_4': 1.0, 'Serve_0_0': 0.0, 'Serve_0_1': 0.0, 'Serve_0_2': 0.0, 'Serve_0_3': 0.0, 'Serve_0_4': 1.0, 'Serve_1_0': 0.0, 'Serve_1_1': 0.0, 'Serve_1_2': 0.0, 'Serve_1_3': 0.0, 'Serve_1_4': 1.0, 'Serve_2_0': 0.0, 'Serve_2_1': 0.0, 'Serve_2_2': 0.0, 'Serve_2_3': 0.0, 'Serve_2_4': 1.0, 'Serve_3_0': 0.0, 'Serve_3_1': 0.0, 'Serve_3_2': 0.0, 'Serve_3_3': 0.0, 'Serve_3_4': 1.0, 'Serve_4_0': 0.0, 'Serve_4_1': 0.0, 'Serve_4_2': 0.0, 'Serve_4_3': 0.0, 'Serve_4_4': 1.0}",0.0010116100311279,Limit the capacity of facility 3 (index 2) to 50.,"{""ADD DATA"": ""capacities[2] = 50""}",gpt-4o-mini,0.5,gpt-4o,0.0,1.2538,10.0,"{""planner"": {""total"": 1231, ""prompt"": 1215, ""completion"": 16, ""total_cost"": 0.00011504999999999999}, ""coder"": {""total"": 1375, ""prompt"": 1359, ""completion"": 16, ""total_cost"": 0.0019575}}"
run_id_20250603_010136_it_4,2025-06-03T01:01:44.555670,Optimal,223.0,models/CFLP/capfacloc_model.py,models/CFLP/data/capfacloc_data_5cust_5fac.json,"{'demands': [27, 19, 24, 14, 6], 'capacities': [110, 81, 101, 80, 70], 'fixed_costs': [189, 193, 152, 186, 164], 'transportation_costs': [[19, 14, 11, 11, 11], [12, 17, 13, 13, 10], [13, 15, 15, 15, 14], [13, 19, 16, 15, 18], [12, 19, 16, 13, 16]], 'n_customers': 5, 'n_facilities': 5}","{'Demand_0': 'Serve_0_0 + Serve_0_1 + Serve_0_2 + Serve_0_3 + Serve_0_4 >= 1', 'Demand_1': 'Serve_1_0 + Serve_1_1 + Serve_1_2 + Serve_1_3 + Serve_1_4 >= 1', 'Demand_2': 'Serve_2_0 + Serve_2_1 + Serve_2_2 + Serve_2_3 + Serve_2_4 >= 1', 'Demand_3': 'Serve_3_0 + Serve_3_1 + Serve_3_2 + Serve_3_3 + Serve_3_4 >= 1', 'Demand_4': 'Serve_4_0 + Serve_4_1 + Serve_4_2 + Serve_4_3 + Serve_4_4 >= 1', 'Capacity_0': '-110*Open_0 + 27*Serve_0_0 + 19*Serve_1_0 + 24*Serve_2_0 + 14*Serve_3_0 + 6*Serve_4_0 <= 0', 'Capacity_1': '-81*Open_1 + 27*Serve_0_1 + 19*Serve_1_1 + 24*Serve_2_1 + 14*Serve_3_1 + 6*Serve_4_1 <= 0', 'Capacity_2': '-101*Open_2 + 27*Serve_0_2 + 19*Serve_1_2 + 24*Serve_2_2 + 14*Serve_3_2 + 6*Serve_4_2 <= 0', 'Capacity_3': '-80*Open_3 + 27*Serve_0_3 + 19*Serve_1_3 + 24*Serve_2_3 + 14*Serve_3_3 + 6*Serve_4_3 <= 0', 'Capacity_4': '-70*Open_4 + 27*Serve_0_4 + 19*Serve_1_4 + 24*Serve_2_4 + 14*Serve_3_4 + 6*Serve_4_4 <= 0', 'TotalDemand': '110*Open_0 + 81*Open_1 + 101*Open_2 + 80*Open_3 + 70*Open_4 >= 90', 'Link_0_0': '-Open_0 + Serve_0_0 <= 0', 'Link_0_1': '-Open_1 + Serve_0_1 <= 0', 'Link_0_2': '-Open_2 + Serve_0_2 <= 0', 'Link_0_3': '-Open_3 + Serve_0_3 <= 0', 'Link_0_4': '-Open_4 + Serve_0_4 <= 0', 'Link_1_0': '-Open_0 + Serve_1_0 <= 0', 'Link_1_1': '-Open_1 + Serve_1_1 <= 0', 'Link_1_2': '-Open_2 + Serve_1_2 <= 0', 'Link_1_3': '-Open_3 + Serve_1_3 <= 0', 'Link_1_4': '-Open_4 + Serve_1_4 <= 0', 'Link_2_0': '-Open_0 + Serve_2_0 <= 0', 'Link_2_1': '-Open_1 + Serve_2_1 <= 0', 'Link_2_2': '-Open_2 + Serve_2_2 <= 0', 'Link_2_3': '-Open_3 + Serve_2_3 <= 0', 'Link_2_4': '-Open_4 + Serve_2_4 <= 0', 'Link_3_0': '-Open_0 + Serve_3_0 <= 0', 'Link_3_1': '-Open_1 + Serve_3_1 <= 0', 'Link_3_2': '-Open_2 + Serve_3_2 <= 0', 'Link_3_3': '-Open_3 + Serve_3_3 <= 0', 'Link_3_4': '-Open_4 + Serve_3_4 <= 0', 'Link_4_0': '-Open_0 + Serve_4_0 <= 0', 'Link_4_1': '-Open_1 + Serve_4_1 <= 0', 'Link_4_2': '-Open_2 + Serve_4_2 <= 0', 'Link_4_3': '-Open_3 + Serve_4_3 <= 0', 'Link_4_4': '-Open_4 + Serve_4_4 <= 0'}","{'Open_0': 0.0, 'Open_1': 0.0, 'Open_2': 1.0, 'Open_3': 0.0, 'Open_4': 0.0, 'Serve_0_0': 0.0, 'Serve_0_1': 0.0, 'Serve_0_2': 1.0, 'Serve_0_3': 0.0, 'Serve_0_4': 0.0, 'Serve_1_0': 0.0, 'Serve_1_1': 0.0, 'Serve_1_2': 1.0, 'Serve_1_3': 0.0, 'Serve_1_4': 0.0, 'Serve_2_0': 0.0, 'Serve_2_1': 0.0, 'Serve_2_2': 1.0, 'Serve_2_3': 0.0, 'Serve_2_4': 0.0, 'Serve_3_0': 0.0, 'Serve_3_1': 0.0, 'Serve_3_2': 1.0, 'Serve_3_3': 0.0, 'Serve_3_4': 0.0, 'Serve_4_0': 0.0, 'Serve_4_1': 0.0, 'Serve_4_2': 1.0, 'Serve_4_3': 0.0, 'Serve_4_4': 0.0}",0.0011897087097167,Limit the capacity of facility 5 (index 4) to 70.,"{""ADD DATA"": ""capacities[4] = 70""}",gpt-4o-mini,0.5,gpt-4o,0.0,1.9099,0.0,"{""planner"": {""total"": 1276, ""prompt"": 1260, ""completion"": 16, ""total_cost"": 0.00012179999999999999}, ""coder"": {""total"": 1375, ""prompt"": 1359, ""completion"": 16, ""total_cost"": 0.0019575}}"
run_id_20250603_010136_it_5,2025-06-03T01:01:45.733726,Optimal,223.0,models/CFLP/capfacloc_model.py,models/CFLP/data/capfacloc_data_5cust_5fac.json,"{'demands': [27, 19, 24, 14, 6], 'capacities': [110, 81, 101, 80, 50], 'fixed_costs': [189, 193, 152, 186, 164], 'transportation_costs': [[19, 14, 11, 11, 11], [12, 17, 13, 13, 10], [13, 15, 15, 15, 14], [13, 19, 16, 15, 18], [12, 19, 16, 13, 16]], 'n_customers': 5, 'n_facilities': 5}","{'Demand_0': 'Serve_0_0 + Serve_0_1 + Serve_0_2 + Serve_0_3 + Serve_0_4 >= 1', 'Demand_1': 'Serve_1_0 + Serve_1_1 + Serve_1_2 + Serve_1_3 + Serve_1_4 >= 1', 'Demand_2': 'Serve_2_0 + Serve_2_1 + Serve_2_2 + Serve_2_3 + Serve_2_4 >= 1', 'Demand_3': 'Serve_3_0 + Serve_3_1 + Serve_3_2 + Serve_3_3 + Serve_3_4 >= 1', 'Demand_4': 'Serve_4_0 + Serve_4_1 + Serve_4_2 + Serve_4_3 + Serve_4_4 >= 1', 'Capacity_0': '-110*Open_0 + 27*Serve_0_0 + 19*Serve_1_0 + 24*Serve_2_0 + 14*Serve_3_0 + 6*Serve_4_0 <= 0', 'Capacity_1': '-81*Open_1 + 27*Serve_0_1 + 19*Serve_1_1 + 24*Serve_2_1 + 14*Serve_3_1 + 6*Serve_4_1 <= 0', 'Capacity_2': '-101*Open_2 + 27*Serve_0_2 + 19*Serve_1_2 + 24*Serve_2_2 + 14*Serve_3_2 + 6*Serve_4_2 <= 0', 'Capacity_3': '-80*Open_3 + 27*Serve_0_3 + 19*Serve_1_3 + 24*Serve_2_3 + 14*Serve_3_3 + 6*Serve_4_3 <= 0', 'Capacity_4': '-50*Open_4 + 27*Serve_0_4 + 19*Serve_1_4 + 24*Serve_2_4 + 14*Serve_3_4 + 6*Serve_4_4 <= 0', 'TotalDemand': '110*Open_0 + 81*Open_1 + 101*Open_2 + 80*Open_3 + 50*Open_4 >= 90', 'Link_0_0': '-Open_0 + Serve_0_0 <= 0', 'Link_0_1': '-Open_1 + Serve_0_1 <= 0', 'Link_0_2': '-Open_2 + Serve_0_2 <= 0', 'Link_0_3': '-Open_3 + Serve_0_3 <= 0', 'Link_0_4': '-Open_4 + Serve_0_4 <= 0', 'Link_1_0': '-Open_0 + Serve_1_0 <= 0', 'Link_1_1': '-Open_1 + Serve_1_1 <= 0', 'Link_1_2': '-Open_2 + Serve_1_2 <= 0', 'Link_1_3': '-Open_3 + Serve_1_3 <= 0', 'Link_1_4': '-Open_4 + Serve_1_4 <= 0', 'Link_2_0': '-Open_0 + Serve_2_0 <= 0', 'Link_2_1': '-Open_1 + Serve_2_1 <= 0', 'Link_2_2': '-Open_2 + Serve_2_2 <= 0', 'Link_2_3': '-Open_3 + Serve_2_3 <= 0', 'Link_2_4': '-Open_4 + Serve_2_4 <= 0', 'Link_3_0': '-Open_0 + Serve_3_0 <= 0', 'Link_3_1': '-Open_1 + Serve_3_1 <= 0', 'Link_3_2': '-Open_2 + Serve_3_2 <= 0', 'Link_3_3': '-Open_3 + Serve_3_3 <= 0', 'Link_3_4': '-Open_4 + Serve_3_4 <= 0', 'Link_4_0': '-Open_0 + Serve_4_0 <= 0', 'Link_4_1': '-Open_1 + Serve_4_1 <= 0', 'Link_4_2': '-Open_2 + Serve_4_2 <= 0', 'Link_4_3': '-Open_3 + Serve_4_3 <= 0', 'Link_4_4': '-Open_4 + Serve_4_4 <= 0'}","{'Open_0': 0.0, 'Open_1': 0.0, 'Open_2': 1.0, 'Open_3': 0.0, 'Open_4': 0.0, 'Serve_0_0': 0.0, 'Serve_0_1': 0.0, 'Serve_0_2': 1.0, 'Serve_0_3': 0.0, 'Serve_0_4': 0.0, 'Serve_1_0': 0.0, 'Serve_1_1': 0.0, 'Serve_1_2': 1.0, 'Serve_1_3': 0.0, 'Serve_1_4': 0.0, 'Serve_2_0': 0.0, 'Serve_2_1': 0.0, 'Serve_2_2': 1.0, 'Serve_2_3': 0.0, 'Serve_2_4': 0.0, 'Serve_3_0': 0.0, 'Serve_3_1': 0.0, 'Serve_3_2': 1.0, 'Serve_3_3': 0.0, 'Serve_3_4': 0.0, 'Serve_4_0': 0.0, 'Serve_4_1': 0.0, 'Serve_4_2': 1.0, 'Serve_4_3': 0.0, 'Serve_4_4': 0.0}",0.0013301372528076,Limit the capacity of facility 5 (index 4) to 50.,"{""ADD DATA"": ""capacities[4] = 50""}",gpt-4o-mini,0.5,gpt-4o,0.0,1.1769,0.0,"{""planner"": {""total"": 1321, ""prompt"": 1305, ""completion"": 16, ""total_cost"": 0.00012854999999999998}, ""coder"": {""total"": 1375, ""prompt"": 1359, ""completion"": 16, ""total_cost"": 0.0019575}}"
run_id_20250603_010136_it_6,2025-06-03T01:01:46.781748,Optimal,233.0,models/CFLP/capfacloc_model.py,models/CFLP/data/capfacloc_data_5cust_5fac.json,"{'demands': [27, 19, 24, 14, 6], 'capacities': [110, 81, 40, 80, 112], 'fixed_costs': [189, 193, 152, 186, 164], 'transportation_costs': [[19, 14, 11, 11, 11], [12, 17, 13, 13, 10], [13, 15, 15, 15, 14], [13, 19, 16, 15, 18], [12, 19, 16, 13, 16]], 'n_customers': 5, 'n_facilities': 5}","{'Demand_0': 'Serve_0_0 + Serve_0_1 + Serve_0_2 + Serve_0_3 + Serve_0_4 >= 1', 'Demand_1': 'Serve_1_0 + Serve_1_1 + Serve_1_2 + Serve_1_3 + Serve_1_4 >= 1', 'Demand_2': 'Serve_2_0 + Serve_2_1 + Serve_2_2 + Serve_2_3 + Serve_2_4 >= 1', 'Demand_3': 'Serve_3_0 + Serve_3_1 + Serve_3_2 + Serve_3_3 + Serve_3_4 >= 1', 'Demand_4': 'Serve_4_0 + Serve_4_1 + Serve_4_2 + Serve_4_3 + Serve_4_4 >= 1', 'Capacity_0': '-110*Open_0 + 27*Serve_0_0 + 19*Serve_1_0 + 24*Serve_2_0 + 14*Serve_3_0 + 6*Serve_4_0 <= 0', 'Capacity_1': '-81*Open_1 + 27*Serve_0_1 + 19*Serve_1_1 + 24*Serve_2_1 + 14*Serve_3_1 + 6*Serve_4_1 <= 0', 'Capacity_2': '-40*Open_2 + 27*Serve_0_2 + 19*Serve_1_2 + 24*Serve_2_2 + 14*Serve_3_2 + 6*Serve_4_2 <= 0', 'Capacity_3': '-80*Open_3 + 27*Serve_0_3 + 19*Serve_1_3 + 24*Serve_2_3 + 14*Serve_3_3 + 6*Serve_4_3 <= 0', 'Capacity_4': '-112*Open_4 + 27*Serve_0_4 + 19*Serve_1_4 + 24*Serve_2_4 + 14*Serve_3_4 + 6*Serve_4_4 <= 0', 'TotalDemand': '110*Open_0 + 81*Open_1 + 40*Open_2 + 80*Open_3 + 112*Open_4 >= 90', 'Link_0_0': '-Open_0 + Serve_0_0 <= 0', 'Link_0_1': '-Open_1 + Serve_0_1 <= 0', 'Link_0_2': '-Open_2 + Serve_0_2 <= 0', 'Link_0_3': '-Open_3 + Serve_0_3 <= 0', 'Link_0_4': '-Open_4 + Serve_0_4 <= 0', 'Link_1_0': '-Open_0 + Serve_1_0 <= 0', 'Link_1_1': '-Open_1 + Serve_1_1 <= 0', 'Link_1_2': '-Open_2 + Serve_1_2 <= 0', 'Link_1_3': '-Open_3 + Serve_1_3 <= 0', 'Link_1_4': '-Open_4 + Serve_1_4 <= 0', 'Link_2_0': '-Open_0 + Serve_2_0 <= 0', 'Link_2_1': '-Open_1 + Serve_2_1 <= 0', 'Link_2_2': '-Open_2 + Serve_2_2 <= 0', 'Link_2_3': '-Open_3 + Serve_2_3 <= 0', 'Link_2_4': '-Open_4 + Serve_2_4 <= 0', 'Link_3_0': '-Open_0 + Serve_3_0 <= 0', 'Link_3_1': '-Open_1 + Serve_3_1 <= 0', 'Link_3_2': '-Open_2 + Serve_3_2 <= 0', 'Link_3_3': '-Open_3 + Serve_3_3 <= 0', 'Link_3_4': '-Open_4 + Serve_3_4 <= 0', 'Link_4_0': '-Open_0 + Serve_4_0 <= 0', 'Link_4_1': '-Open_1 + Serve_4_1 <= 0', 'Link_4_2': '-Open_2 + Serve_4_2 <= 0', 'Link_4_3': '-Open_3 + Serve_4_3 <= 0', 'Link_4_4': '-Open_4 + Serve_4_4 <= 0'}","{'Open_0': 0.0, 'Open_1': 0.0, 'Open_2': 0.0, 'Open_3': 0.0, 'Open_4': 1.0, 'Serve_0_0': 0.0, 'Serve_0_1': 0.0, 'Serve_0_2': 0.0, 'Serve_0_3': 0.0, 'Serve_0_4': 1.0, 'Serve_1_0': 0.0, 'Serve_1_1': 0.0, 'Serve_1_2': 0.0, 'Serve_1_3': 0.0, 'Serve_1_4': 1.0, 'Serve_2_0': 0.0, 'Serve_2_1': 0.0, 'Serve_2_2': 0.0, 'Serve_2_3': 0.0, 'Serve_2_4': 1.0, 'Serve_3_0': 0.0, 'Serve_3_1': 0.0, 'Serve_3_2': 0.0, 'Serve_3_3': 0.0, 'Serve_3_4': 1.0, 'Serve_4_0': 0.0, 'Serve_4_1': 0.0, 'Serve_4_2': 0.0, 'Serve_4_3': 0.0, 'Serve_4_4': 1.0}",0.0007691383361816,Limit the capacity of facility 3 (index 2) to 40.,"{""ADD DATA"": ""capacities[2] = 40""}",gpt-4o-mini,0.5,gpt-4o,0.0,1.0473,10.0,"{""planner"": {""total"": 1366, ""prompt"": 1350, ""completion"": 16, ""total_cost"": 0.0001257}, ""coder"": {""total"": 1375, ""prompt"": 1359, ""completion"": 16, ""total_cost"": 0.0019575}}"
run_id_20250603_010136_it_7,2025-06-03T01:01:47.811759,Optimal,223.0,models/CFLP/capfacloc_model.py,models/CFLP/data/capfacloc_data_5cust_5fac.json,"{'demands': [27, 19, 24, 14, 6], 'capacities': [20, 81, 101, 80, 112], 'fixed_costs': [189, 193, 152, 186, 164], 'transportation_costs': [[19, 14, 11, 11, 11], [12, 17, 13, 13, 10], [13, 15, 15, 15, 14], [13, 19, 16, 15, 18], [12, 19, 16, 13, 16]], 'n_customers': 5, 'n_facilities': 5}","{'Demand_0': 'Serve_0_0 + Serve_0_1 + Serve_0_2 + Serve_0_3 + Serve_0_4 >= 1', 'Demand_1': 'Serve_1_0 + Serve_1_1 + Serve_1_2 + Serve_1_3 + Serve_1_4 >= 1', 'Demand_2': 'Serve_2_0 + Serve_2_1 + Serve_2_2 + Serve_2_3 + Serve_2_4 >= 1', 'Demand_3': 'Serve_3_0 + Serve_3_1 + Serve_3_2 + Serve_3_3 + Serve_3_4 >= 1', 'Demand_4': 'Serve_4_0 + Serve_4_1 + Serve_4_2 + Serve_4_3 + Serve_4_4 >= 1', 'Capacity_0': '-20*Open_0 + 27*Serve_0_0 + 19*Serve_1_0 + 24*Serve_2_0 + 14*Serve_3_0 + 6*Serve_4_0 <= 0', 'Capacity_1': '-81*Open_1 + 27*Serve_0_1 + 19*Serve_1_1 + 24*Serve_2_1 + 14*Serve_3_1 + 6*Serve_4_1 <= 0', 'Capacity_2': '-101*Open_2 + 27*Serve_0_2 + 19*Serve_1_2 + 24*Serve_2_2 + 14*Serve_3_2 + 6*Serve_4_2 <= 0', 'Capacity_3': '-80*Open_3 + 27*Serve_0_3 + 19*Serve_1_3 + 24*Serve_2_3 + 14*Serve_3_3 + 6*Serve_4_3 <= 0', 'Capacity_4': '-112*Open_4 + 27*Serve_0_4 + 19*Serve_1_4 + 24*Serve_2_4 + 14*Serve_3_4 + 6*Serve_4_4 <= 0', 'TotalDemand': '20*Open_0 + 81*Open_1 + 101*Open_2 + 80*Open_3 + 112*Open_4 >= 90', 'Link_0_0': '-Open_0 + Serve_0_0 <= 0', 'Link_0_1': '-Open_1 + Serve_0_1 <= 0', 'Link_0_2': '-Open_2 + Serve_0_2 <= 0', 'Link_0_3': '-Open_3 + Serve_0_3 <= 0', 'Link_0_4': '-Open_4 + Serve_0_4 <= 0', 'Link_1_0': '-Open_0 + Serve_1_0 <= 0', 'Link_1_1': '-Open_1 + Serve_1_1 <= 0', 'Link_1_2': '-Open_2 + Serve_1_2 <= 0', 'Link_1_3': '-Open_3 + Serve_1_3 <= 0', 'Link_1_4': '-Open_4 + Serve_1_4 <= 0', 'Link_2_0': '-Open_0 + Serve_2_0 <= 0', 'Link_2_1': '-Open_1 + Serve_2_1 <= 0', 'Link_2_2': '-Open_2 + Serve_2_2 <= 0', 'Link_2_3': '-Open_3 + Serve_2_3 <= 0', 'Link_2_4': '-Open_4 + Serve_2_4 <= 0', 'Link_3_0': '-Open_0 + Serve_3_0 <= 0', 'Link_3_1': '-Open_1 + Serve_3_1 <= 0', 'Link_3_2': '-Open_2 + Serve_3_2 <= 0', 'Link_3_3': '-Open_3 + Serve_3_3 <= 0', 'Link_3_4': '-Open_4 + Serve_3_4 <= 0', 'Link_4_0': '-Open_0 + Serve_4_0 <= 0', 'Link_4_1': '-Open_1 + Serve_4_1 <= 0', 'Link_4_2': '-Open_2 + Serve_4_2 <= 0', 'Link_4_3': '-Open_3 + Serve_4_3 <= 0', 'Link_4_4': '-Open_4 + Serve_4_4 <= 0'}","{'Open_0': 0.0, 'Open_1': 0.0, 'Open_2': 1.0, 'Open_3': 0.0, 'Open_4': 0.0, 'Serve_0_0': 0.0, 'Serve_0_1': 0.0, 'Serve_0_2': 1.0, 'Serve_0_3': 0.0, 'Serve_0_4': 0.0, 'Serve_1_0': 0.0, 'Serve_1_1': 0.0, 'Serve_1_2': 1.0, 'Serve_1_3': 0.0, 'Serve_1_4': 0.0, 'Serve_2_0': 0.0, 'Serve_2_1': 0.0, 'Serve_2_2': 1.0, 'Serve_2_3': 0.0, 'Serve_2_4': 0.0, 'Serve_3_0': 0.0, 'Serve_3_1': 0.0, 'Serve_3_2': 1.0, 'Serve_3_3': 0.0, 'Serve_3_4': 0.0, 'Serve_4_0': 0.0, 'Serve_4_1': 0.0, 'Serve_4_2': 1.0, 'Serve_4_3': 0.0, 'Serve_4_4': 0.0}",0.0008463859558105,Limit the capacity of facility 1 (index 0) to 20.,"{""ADD DATA"": ""capacities[0] = 20""}",gpt-4o-mini,0.5,gpt-4o,0.0,1.0277,0.0,"{""planner"": {""total"": 1411, ""prompt"": 1395, ""completion"": 16, ""total_cost"": 0.00021884999999999998}, ""coder"": {""total"": 1375, ""prompt"": 1359, ""completion"": 16, ""total_cost"": 0.0019575}}"
run_id_20250603_010136_it_8,2025-06-03T01:01:49.126502,Optimal,223.0,models/CFLP/capfacloc_model.py,models/CFLP/data/capfacloc_data_5cust_5fac.json,"{'demands': [27, 19, 24, 14, 6], 'capacities': [110, 81, 101, 80, 40], 'fixed_costs': [189, 193, 152, 186, 164], 'transportation_costs': [[19, 14, 11, 11, 11], [12, 17, 13, 13, 10], [13, 15, 15, 15, 14], [13, 19, 16, 15, 18], [12, 19, 16, 13, 16]], 'n_customers': 5, 'n_facilities': 5}","{'Demand_0': 'Serve_0_0 + Serve_0_1 + Serve_0_2 + Serve_0_3 + Serve_0_4 >= 1', 'Demand_1': 'Serve_1_0 + Serve_1_1 + Serve_1_2 + Serve_1_3 + Serve_1_4 >= 1', 'Demand_2': 'Serve_2_0 + Serve_2_1 + Serve_2_2 + Serve_2_3 + Serve_2_4 >= 1', 'Demand_3': 'Serve_3_0 + Serve_3_1 + Serve_3_2 + Serve_3_3 + Serve_3_4 >= 1', 'Demand_4': 'Serve_4_0 + Serve_4_1 + Serve_4_2 + Serve_4_3 + Serve_4_4 >= 1', 'Capacity_0': '-110*Open_0 + 27*Serve_0_0 + 19*Serve_1_0 + 24*Serve_2_0 + 14*Serve_3_0 + 6*Serve_4_0 <= 0', 'Capacity_1': '-81*Open_1 + 27*Serve_0_1 + 19*Serve_1_1 + 24*Serve_2_1 + 14*Serve_3_1 + 6*Serve_4_1 <= 0', 'Capacity_2': '-101*Open_2 + 27*Serve_0_2 + 19*Serve_1_2 + 24*Serve_2_2 + 14*Serve_3_2 + 6*Serve_4_2 <= 0', 'Capacity_3': '-80*Open_3 + 27*Serve_0_3 + 19*Serve_1_3 + 24*Serve_2_3 + 14*Serve_3_3 + 6*Serve_4_3 <= 0', 'Capacity_4': '-40*Open_4 + 27*Serve_0_4 + 19*Serve_1_4 + 24*Serve_2_4 + 14*Serve_3_4 + 6*Serve_4_4 <= 0', 'TotalDemand': '110*Open_0 + 81*Open_1 + 101*Open_2 + 80*Open_3 + 40*Open_4 >= 90', 'Link_0_0': '-Open_0 + Serve_0_0 <= 0', 'Link_0_1': '-Open_1 + Serve_0_1 <= 0', 'Link_0_2': '-Open_2 + Serve_0_2 <= 0', 'Link_0_3': '-Open_3 + Serve_0_3 <= 0', 'Link_0_4': '-Open_4 + Serve_0_4 <= 0', 'Link_1_0': '-Open_0 + Serve_1_0 <= 0', 'Link_1_1': '-Open_1 + Serve_1_1 <= 0', 'Link_1_2': '-Open_2 + Serve_1_2 <= 0', 'Link_1_3': '-Open_3 + Serve_1_3 <= 0', 'Link_1_4': '-Open_4 + Serve_1_4 <= 0', 'Link_2_0': '-Open_0 + Serve_2_0 <= 0', 'Link_2_1': '-Open_1 + Serve_2_1 <= 0', 'Link_2_2': '-Open_2 + Serve_2_2 <= 0', 'Link_2_3': '-Open_3 + Serve_2_3 <= 0', 'Link_2_4': '-Open_4 + Serve_2_4 <= 0', 'Link_3_0': '-Open_0 + Serve_3_0 <= 0', 'Link_3_1': '-Open_1 + Serve_3_1 <= 0', 'Link_3_2': '-Open_2 + Serve_3_2 <= 0', 'Link_3_3': '-Open_3 + Serve_3_3 <= 0', 'Link_3_4': '-Open_4 + Serve_3_4 <= 0', 'Link_4_0': '-Open_0 + Serve_4_0 <= 0', 'Link_4_1': '-Open_1 + Serve_4_1 <= 0', 'Link_4_2': '-Open_2 + Serve_4_2 <= 0', 'Link_4_3': '-Open_3 + Serve_4_3 <= 0', 'Link_4_4': '-Open_4 + Serve_4_4 <= 0'}","{'Open_0': 0.0, 'Open_1': 0.0, 'Open_2': 1.0, 'Open_3': 0.0, 'Open_4': 0.0, 'Serve_0_0': 0.0, 'Serve_0_1': 0.0, 'Serve_0_2': 1.0, 'Serve_0_3': 0.0, 'Serve_0_4': 0.0, 'Serve_1_0': 0.0, 'Serve_1_1': 0.0, 'Serve_1_2': 1.0, 'Serve_1_3': 0.0, 'Serve_1_4': 0.0, 'Serve_2_0': 0.0, 'Serve_2_1': 0.0, 'Serve_2_2': 1.0, 'Serve_2_3': 0.0, 'Serve_2_4': 0.0, 'Serve_3_0': 0.0, 'Serve_3_1': 0.0, 'Serve_3_2': 1.0, 'Serve_3_3': 0.0, 'Serve_3_4': 0.0, 'Serve_4_0': 0.0, 'Serve_4_1': 0.0, 'Serve_4_2': 1.0, 'Serve_4_3': 0.0, 'Serve_4_4': 0.0}",0.0008306503295898,Limit the capacity of facility 5 (index 4) to 40.,"{""ADD DATA"": ""capacities[4] = 40""}",gpt-4o-mini,0.5,gpt-4o,0.0,1.3109,0.0,"{""planner"": {""total"": 1456, ""prompt"": 1440, ""completion"": 16, ""total_cost"": 0.00013919999999999997}, ""coder"": {""total"": 1375, ""prompt"": 1359, ""completion"": 16, ""total_cost"": 0.0019575}}"
run_id_20250603_010136_it_9,2025-06-03T01:01:50.777586,Optimal,223.0,models/CFLP/capfacloc_model.py,models/CFLP/data/capfacloc_data_5cust_5fac.json,"{'demands': [27, 19, 24, 14, 6], 'capacities': [110, 20, 101, 80, 112], 'fixed_costs': [189, 193, 152, 186, 164], 'transportation_costs': [[19, 14, 11, 11, 11], [12, 17, 13, 13, 10], [13, 15, 15, 15, 14], [13, 19, 16, 15, 18], [12, 19, 16, 13, 16]], 'n_customers': 5, 'n_facilities': 5}","{'Demand_0': 'Serve_0_0 + Serve_0_1 + Serve_0_2 + Serve_0_3 + Serve_0_4 >= 1', 'Demand_1': 'Serve_1_0 + Serve_1_1 + Serve_1_2 + Serve_1_3 + Serve_1_4 >= 1', 'Demand_2': 'Serve_2_0 + Serve_2_1 + Serve_2_2 + Serve_2_3 + Serve_2_4 >= 1', 'Demand_3': 'Serve_3_0 + Serve_3_1 + Serve_3_2 + Serve_3_3 + Serve_3_4 >= 1', 'Demand_4': 'Serve_4_0 + Serve_4_1 + Serve_4_2 + Serve_4_3 + Serve_4_4 >= 1', 'Capacity_0': '-110*Open_0 + 27*Serve_0_0 + 19*Serve_1_0 + 24*Serve_2_0 + 14*Serve_3_0 + 6*Serve_4_0 <= 0', 'Capacity_1': '-20*Open_1 + 27*Serve_0_1 + 19*Serve_1_1 + 24*Serve_2_1 + 14*Serve_3_1 + 6*Serve_4_1 <= 0', 'Capacity_2': '-101*Open_2 + 27*Serve_0_2 + 19*Serve_1_2 + 24*Serve_2_2 + 14*Serve_3_2 + 6*Serve_4_2 <= 0', 'Capacity_3': '-80*Open_3 + 27*Serve_0_3 + 19*Serve_1_3 + 24*Serve_2_3 + 14*Serve_3_3 + 6*Serve_4_3 <= 0', 'Capacity_4': '-112*Open_4 + 27*Serve_0_4 + 19*Serve_1_4 + 24*Serve_2_4 + 14*Serve_3_4 + 6*Serve_4_4 <= 0', 'TotalDemand': '110*Open_0 + 20*Open_1 + 101*Open_2 + 80*Open_3 + 112*Open_4 >= 90', 'Link_0_0': '-Open_0 + Serve_0_0 <= 0', 'Link_0_1': '-Open_1 + Serve_0_1 <= 0', 'Link_0_2': '-Open_2 + Serve_0_2 <= 0', 'Link_0_3': '-Open_3 + Serve_0_3 <= 0', 'Link_0_4': '-Open_4 + Serve_0_4 <= 0', 'Link_1_0': '-Open_0 + Serve_1_0 <= 0', 'Link_1_1': '-Open_1 + Serve_1_1 <= 0', 'Link_1_2': '-Open_2 + Serve_1_2 <= 0', 'Link_1_3': '-Open_3 + Serve_1_3 <= 0', 'Link_1_4': '-Open_4 + Serve_1_4 <= 0', 'Link_2_0': '-Open_0 + Serve_2_0 <= 0', 'Link_2_1': '-Open_1 + Serve_2_1 <= 0', 'Link_2_2': '-Open_2 + Serve_2_2 <= 0', 'Link_2_3': '-Open_3 + Serve_2_3 <= 0', 'Link_2_4': '-Open_4 + Serve_2_4 <= 0', 'Link_3_0': '-Open_0 + Serve_3_0 <= 0', 'Link_3_1': '-Open_1 + Serve_3_1 <= 0', 'Link_3_2': '-Open_2 + Serve_3_2 <= 0', 'Link_3_3': '-Open_3 + Serve_3_3 <= 0', 'Link_3_4': '-Open_4 + Serve_3_4 <= 0', 'Link_4_0': '-Open_0 + Serve_4_0 <= 0', 'Link_4_1': '-Open_1 + Serve_4_1 <= 0', 'Link_4_2': '-Open_2 + Serve_4_2 <= 0', 'Link_4_3': '-Open_3 + Serve_4_3 <= 0', 'Link_4_4': '-Open_4 + Serve_4_4 <= 0'}","{'Open_0': 0.0, 'Open_1': 0.0, 'Open_2': 1.0, 'Open_3': 0.0, 'Open_4': 0.0, 'Serve_0_0': 0.0, 'Serve_0_1': 0.0, 'Serve_0_2': 1.0, 'Serve_0_3': 0.0, 'Serve_0_4': 0.0, 'Serve_1_0': 0.0, 'Serve_1_1': 0.0, 'Serve_1_2': 1.0, 'Serve_1_3': 0.0, 'Serve_1_4': 0.0, 'Serve_2_0': 0.0, 'Serve_2_1': 0.0, 'Serve_2_2': 1.0, 'Serve_2_3': 0.0, 'Serve_2_4': 0.0, 'Serve_3_0': 0.0, 'Serve_3_1': 0.0, 'Serve_3_2': 1.0, 'Serve_3_3': 0.0, 'Serve_3_4': 0.0, 'Serve_4_0': 0.0, 'Serve_4_1': 0.0, 'Serve_4_2': 1.0, 'Serve_4_3': 0.0, 'Serve_4_4': 0.0}",0.0007908344268798,Limit the capacity of facility 2 (index 1) to 20.,"{""ADD DATA"": ""capacities[1] = 20""}",gpt-4o-mini,0.5,gpt-4o,0.0,1.648,0.0,"{""planner"": {""total"": 1501, ""prompt"": 1485, ""completion"": 16, ""total_cost"": 0.00013634999999999998}, ""coder"": {""total"": 1375, ""prompt"": 1359, ""completion"": 16, ""total_cost"": 0.0019575}}"
